{
  "act": "Tanh",
  "bs": 210,
  "dr": 0.00030653932461517446,
  "hl": 3,
  "hls": 215,
  "lr": 0.06190705201757234,
  "opt": "Adam"
}