{
  "act": "ReLU",
  "bs": 125,
  "dr": 0.00034926246744851867,
  "hl": 2,
  "hls": 420,
  "lr": 0.0006089946565488301,
  "opt": "Adam"
}