{
  "act": "Tanh",
  "bs": 369,
  "dr": 0.11642021258595305,
  "hl": 2,
  "hls": 258,
  "lr": 0.00045014129807979775,
  "opt": "LBFGS"
}