{
  "act": "LRelu",
  "bs": 423,
  "dr": 0.00594135722879472,
  "hl": 1,
  "hls": 485,
  "lr": 0.027274196406008585,
  "opt": "SGD"
}