{
  "act": "ReLU",
  "bs": 61,
  "dr": 0.00021037586047888474,
  "hl": 2,
  "hls": 371,
  "lr": 0.010479162169149483,
  "opt": "Adam"
}