{
  "act": "ReLU",
  "bs": 71,
  "dr": 0.003787587906687039,
  "hl": 2,
  "hls": 96,
  "lr": 0.0010661602043577885,
  "opt": "Adam"
}