{
  "act": "ReLU",
  "bs": 69,
  "dr": 0.0002899052010719424,
  "hl": 2,
  "hls": 385,
  "lr": 0.0012747826902207344,
  "opt": "Adam"
}