{
  "act": "ReLU",
  "bs": 129,
  "dr": 0.00018522620673412036,
  "hl": 2,
  "hls": 415,
  "lr": 0.0007792156264449507,
  "opt": "Adam"
}