{
  "act": "Tanh",
  "bs": 12,
  "dr": 0.0010432948170477786,
  "hl": 2,
  "hls": 327,
  "lr": 0.02414711325610325,
  "opt": "SGD"
}