{
  "act": "ReLU",
  "bs": 58,
  "dr": 0.001638438367320976,
  "hl": 2,
  "hls": 263,
  "lr": 0.0014242777476386834,
  "opt": "Adam"
}