{
  "act": "ReLU",
  "bs": 116,
  "dr": 0.00036962231197300803,
  "hl": 2,
  "hls": 424,
  "lr": 0.0006162386301870169,
  "opt": "Adam"
}