{
  "act": "Tanh",
  "bs": 283,
  "dr": 0.00012319456695967552,
  "hl": 3,
  "hls": 212,
  "lr": 0.003559028754172574,
  "opt": "SGD"
}