{
  "act": "Tanh",
  "bs": 223,
  "dr": 0.0003940057593799058,
  "hl": 3,
  "hls": 206,
  "lr": 0.07836341495778976,
  "opt": "Adam"
}