{
  "act": "Tanh",
  "bs": 53,
  "dr": 0.00022980648942329303,
  "hl": 2,
  "hls": 376,
  "lr": 0.014448962314298222,
  "opt": "SGD"
}