{
  "act": "Tanh",
  "bs": 153,
  "dr": 0.17199074247850746,
  "hl": 2,
  "hls": 173,
  "lr": 0.0006077941624993063,
  "opt": "SGD"
}