{
  "act": "ReLU",
  "bs": 92,
  "dr": 0.0001505509995916459,
  "hl": 1,
  "hls": 354,
  "lr": 0.0006521263133210516,
  "opt": "LBFGS"
}