{
  "act": "ReLU",
  "bs": 23,
  "dr": 0.29352277759562323,
  "hl": 3,
  "hls": 156,
  "lr": 0.03320308116464986,
  "opt": "LBFGS"
}