{
  "act": "Tanh",
  "bs": 206,
  "dr": 0.0006576307935740137,
  "hl": 3,
  "hls": 35,
  "lr": 0.055009343804965874,
  "opt": "Adam"
}