{
  "act": "Tanh",
  "bs": 217,
  "dr": 0.0004991323842527966,
  "hl": 3,
  "hls": 40,
  "lr": 0.03881704128564957,
  "opt": "Adam"
}