{
  "act": "Tanh",
  "bs": 212,
  "dr": 0.0004724234397154326,
  "hl": 3,
  "hls": 30,
  "lr": 0.09999656494914433,
  "opt": "Adam"
}