{
  "act": "Tanh",
  "bs": 136,
  "dr": 0.0002653881975089539,
  "hl": 2,
  "hls": 154,
  "lr": 0.003878470268676702,
  "opt": "Adam"
}