{
  "act": "Tanh",
  "bs": 173,
  "dr": 0.0009246433279872632,
  "hl": 2,
  "hls": 284,
  "lr": 0.023138885276209407,
  "opt": "SGD"
}