{
  "act": "ReLU",
  "bs": 68,
  "dr": 0.22350237932848296,
  "hl": 2,
  "hls": 251,
  "lr": 0.00010557070758663166,
  "opt": "Adam"
}