{
  "act": "ReLU",
  "bs": 125,
  "dr": 0.0017369140567433292,
  "hl": 2,
  "hls": 96,
  "lr": 0.0010520170163953377,
  "opt": "Adam"
}