{
  "act": "LRelu",
  "bs": 482,
  "dr": 0.0004593803075682304,
  "hl": 3,
  "hls": 45,
  "lr": 0.00024732305796320057,
  "opt": "LBFGS"
}