{
  "act": "ReLU",
  "bs": 10,
  "dr": 0.8214928379322057,
  "hl": 3,
  "hls": 30,
  "lr": 0.06588396518171603,
  "opt": "Adam"
}