{
  "act": "Tanh",
  "bs": 160,
  "dr": 0.0010798768808093849,
  "hl": 2,
  "hls": 297,
  "lr": 0.021028763625473824,
  "opt": "SGD"
}