{
  "act": "LRelu",
  "bs": 101,
  "dr": 0.015321986924646501,
  "hl": 1,
  "hls": 328,
  "lr": 0.0009745377418687058,
  "opt": "LBFGS"
}