{
  "act": "ReLU",
  "bs": 69,
  "dr": 0.00025581159463931684,
  "hl": 2,
  "hls": 384,
  "lr": 0.0012241391108287552,
  "opt": "Adam"
}