{
  "act": "ReLU",
  "bs": 64,
  "dr": 0.00023166703927731937,
  "hl": 2,
  "hls": 105,
  "lr": 0.0013846280732657335,
  "opt": "Adam"
}