{
  "act": "Tanh",
  "bs": 158,
  "dr": 0.0002445052453183233,
  "hl": 2,
  "hls": 113,
  "lr": 0.025481245208686443,
  "opt": "SGD"
}