{
  "act": "ReLU",
  "bs": 94,
  "dr": 0.0003294211707259084,
  "hl": 1,
  "hls": 353,
  "lr": 0.0006726176337324794,
  "opt": "Adam"
}