{
  "act": "Tanh",
  "bs": 273,
  "dr": 0.0001071668346840552,
  "hl": 3,
  "hls": 230,
  "lr": 0.007157032794301389,
  "opt": "SGD"
}