{
  "act": "Tanh",
  "bs": 61,
  "dr": 0.001335995294041947,
  "hl": 3,
  "hls": 319,
  "lr": 0.017051487884202562,
  "opt": "SGD"
}