{
  "act": "Tanh",
  "bs": 285,
  "dr": 0.002646593189576846,
  "hl": 2,
  "hls": 133,
  "lr": 0.0002643671592537654,
  "opt": "LBFGS"
}