{
  "act": "Tanh",
  "bs": 471,
  "dr": 0.00012752419567011166,
  "hl": 1,
  "hls": 464,
  "lr": 0.008191483884527898,
  "opt": "SGD"
}