{
  "act": "ReLU",
  "bs": 129,
  "dr": 0.0030942991300036997,
  "hl": 2,
  "hls": 415,
  "lr": 0.000937136027128836,
  "opt": "Adam"
}