{
  "act": "ReLU",
  "bs": 132,
  "dr": 0.0017882135090166568,
  "hl": 1,
  "hls": 179,
  "lr": 0.00531057476114488,
  "opt": "Adam"
}