{
  "act": "ReLU",
  "bs": 60,
  "dr": 0.0030250524444258246,
  "hl": 2,
  "hls": 362,
  "lr": 0.001239366816193186,
  "opt": "Adam"
}