{
  "act": "Tanh",
  "bs": 16,
  "dr": 0.0006983397146335849,
  "hl": 3,
  "hls": 332,
  "lr": 0.007066450398719211,
  "opt": "SGD"
}