{
  "act": "ReLU",
  "bs": 89,
  "dr": 0.00017194812875478545,
  "hl": 2,
  "hls": 354,
  "lr": 0.0007156650172532717,
  "opt": "Adam"
}