{
  "act": "LRelu",
  "bs": 29,
  "dr": 0.0020782807314750043,
  "hl": 2,
  "hls": 388,
  "lr": 0.00015019881428565083,
  "opt": "SGD"
}