{
  "act": "ReLU",
  "bs": 88,
  "dr": 0.09355530606331797,
  "hl": 1,
  "hls": 166,
  "lr": 0.0003037562726936026,
  "opt": "Adam"
}