{
  "act": "Tanh",
  "bs": 39,
  "dr": 0.0011548114112008357,
  "hl": 3,
  "hls": 320,
  "lr": 0.014874657545158668,
  "opt": "SGD"
}