{
  "act": "LRelu",
  "bs": 64,
  "dr": 0.00024298071537247042,
  "hl": 2,
  "hls": 387,
  "lr": 0.03378288710885888,
  "opt": "SGD"
}