{
  "act": "ReLU",
  "bs": 120,
  "dr": 0.00036029739029574764,
  "hl": 2,
  "hls": 412,
  "lr": 0.0007366513070613339,
  "opt": "Adam"
}