{
  "act": "Tanh",
  "bs": 256,
  "dr": 0.00010266710979046662,
  "hl": 3,
  "hls": 207,
  "lr": 0.0022539328455763274,
  "opt": "Adam"
}