{
  "act": "Tanh",
  "bs": 494,
  "dr": 0.0001002697336303651,
  "hl": 1,
  "hls": 129,
  "lr": 0.04004778247558855,
  "opt": "LBFGS"
}