{
  "act": "LRelu",
  "bs": 109,
  "dr": 0.00015727862144224115,
  "hl": 1,
  "hls": 148,
  "lr": 0.0001263714569047771,
  "opt": "LBFGS"
}