{
  "act": "ReLU",
  "bs": 336,
  "dr": 0.01628074040740188,
  "hl": 3,
  "hls": 452,
  "lr": 0.0029009791473162527,
  "opt": "Adam"
}