{
  "act": "ReLU",
  "bs": 156,
  "dr": 0.0021999897764636493,
  "hl": 2,
  "hls": 320,
  "lr": 0.00011567835880383789,
  "opt": "Adam"
}