{
  "act": "Tanh",
  "bs": 124,
  "dr": 0.018739886760340805,
  "hl": 2,
  "hls": 427,
  "lr": 0.00012783908880438567,
  "opt": "SGD"
}