{
  "act": "Tanh",
  "bs": 13,
  "dr": 0.0001014563166429831,
  "hl": 3,
  "hls": 301,
  "lr": 0.01906220955966233,
  "opt": "SGD"
}