{
  "act": "Tanh",
  "bs": 14,
  "dr": 0.0010998596972557843,
  "hl": 2,
  "hls": 317,
  "lr": 0.019145157472687264,
  "opt": "SGD"
}