{
  "act": "Tanh",
  "bs": 31,
  "dr": 0.0009333290667178239,
  "hl": 3,
  "hls": 316,
  "lr": 0.01663834351087502,
  "opt": "SGD"
}