{
  "act": "Tanh",
  "bs": 214,
  "dr": 0.00048560515393904365,
  "hl": 3,
  "hls": 239,
  "lr": 0.047705447834756325,
  "opt": "SGD"
}