{
  "act": "ReLU",
  "bs": 123,
  "dr": 0.0029402682777151796,
  "hl": 2,
  "hls": 93,
  "lr": 0.0011075592864075066,
  "opt": "Adam"
}